Composants pour cicuit imprimé;;;;;;;
;;;;;;;
Reference;Qty;Qty totale;Value;Fournisseur;Reference;PUHT;PTHT
C1,C2,C3;3;6;100nF;Digikey;BC3323-ND;0,23;1,38
C4;1;2;10uF;Digikey;399-13968-ND;5,11;10,22
C5;1;2;10uF 50V;Digikey;399-6100-ND;0,15;0,3
D1;1;2;1N5819;Digikey;1801-1N5819CT-ND;0,27;0,54
J1.2;1;2;+24V;Digikey;277-1247-ND;0,81;1,62
J2.4;2;4;ADWIN_DIO32;Digikey;277-1249-ND;1,66;6,64
J2.3;1;2;ADWIN_DIO32;Digikey;277-1264-ND;1,46;2,92
J3.4;1;2;SCON_FEEDBACK;Digikey;277-1249-ND;1,66;3,32
J3.3;1;2;SCON_FEEDBACK;Digikey;277-1264-ND;1,46;2,92
J4.4;1;2;SCON_PULSE;Digikey;277-1249-ND;1,66;3,32
J5.2;1;2;SCON_PIO;Digikey;277-1247-ND;0,81;1,62
J5.4;2;4;SCON_PIO;Digikey;277-1249-ND;1,66;6,64
J6.4;1;2;ADWin CO4-T;Digikey;277-1249-ND;1,66;3,32
R1,R2,R8,R9,R10;5;10;100;Digikey;100XBK-ND;0,09;0,9
R3,R4,R11,R12,R13,R14,R15,R16,R17,R18,R23;11;22;10k;Digikey;10.0KXBK-ND;0,09;1,98
R5,R6,R7;3;6;120;Digikey;MFR-25FBF52-120R-ND;0,09;0,54
R19,R20,R21,R22,R24;5;10;2.2k;Digikey;MFR-25FBF52-2K2-ND;0,09;0,9
U1;1;2;AM26LS31;Digikey;296-1374-5-ND;1,81;3,62
U2;1;2;AM26LS32;Digikey;296-1376-5-ND;1,94;3,88
U3;1;2;TBD62783APG;Digikey;TBD62783APG-ND;2,52;5,04
U4;1;2;R-78K5.0-1.0;Digikey;945-R-78K5.0-1.0-ND;3,41;6,82
Support CI DIP 16;2;4;;Digikey;ED3016-ND;0,95;3,8
Support CI DIP 18;1;2;;Digikey;123-AR18-HZL-TT-ND;0,95;1,9
LED;2;4;WP710A10LGD;Digikey;754-1609-ND;0,19;0,76
;;;;;;;
;;;;;;Total HT;74,9
Circuit imprimé;;;;;;;
;;;;;;;
Reference;Qty;Qty totale;Value;Fournisseur;Reference;PUHT;PTHT
Circuit imprimé;1;2;;Eurocircuits;B5452603;90,34;180,68
;;;;;;;
;;;;;;Total HT;180,68
Boitier;;;;;;;
;;;;;;;
Reference;Qty;Qty totale;Value;Fournisseur;Reference;PUHT;PTHT
Boîtier aluminium 160 × 103 × 53 mm;1;2;Hammond 1455N1601;Digikey;HM979-ND;29,42;58,84
DA-15 mâle à souder (X3);1;2;Amphenol L717SDA15P;Digikey;L717SDA15P-ND;1,34;2,68
DA-15 femelle à souder (X1, X4);2;4;Amphenol L77SDA15S;Digikey;L77SDA15S-ND;1,26;5,04
DE-9 femelle à souder (X2);1;2;Amphenol L77SDE09S;Digikey;L77SDE09S-ND;1,02;2,04
Vis de verrouillage 4-40 pour D-Sub (2 par connecteur);8;16;Molex 1731120014;Digikey;1731120014-ND;1,1;17,6
Jack d'alimentation à monter en face (X5);1;2;Switchcraft 722A;Digikey;SC1049-ND;4,08;8,16
DA-15 mâle à souder  (pour X1, X4);2;4;Amphenol L717SDA15P;Digikey;L717SDA15P-ND;1,34;5,36
DE-9 mâle à souder (pour X2) ;1;2;Amphenol L717SDE09P;Digikey;L717SDE09P-ND;0,98;1,96
DA-15 femelle à souder - X3 (SCON PULSE + feedback);1;2;Amphenol L77SDA15S;Digikey;L77SDA15S-ND;1,26;2,52
jack Switchcraft 722A (pour X5);1;2;Switchcraft S760;Digikey;SC1052-ND;4,66;9,32
Enveloppe isolation DA-15;3;6;Amphenol 17E165715;Digikey;664-17E165715-ND;6,74;40,44
Enveloppe isolation DE-9;1;2;Amphenol 17E165709;Digikey;664-17E165709-ND;6,2;12,4
;;;;;;;
;;;;;;Total HT;166,36
;;;;;;;
;;;;;Grand total HT;;421,94 €
;;;;;Grand total TTC;;506,33 €
